[
  {
    "id": "1",
    "name": "French Macarons - The Preppy Hostess",
    "image": "https://i.pinimg.com/564x/d7/62/ec/d762ecdf2a56ef1ce21243d935e72f2e.jpg"
  },
  {
    "id": "2",
    "name": "50+ Best Cookie Recipes",
    "image": "https://i.pinimg.com/564x/aa/ae/a9/aaaea9634d0fe68b258fdcc4cacf5c63.jpg"
  },
  {
    "id": "3",
    "name": "Giant Macaron filled with Vanilla Pastry Cream and Swiss Meringue Buttercream",
    "image": "https://i.pinimg.com/564x/62/f2/cb/62f2cb55c86f1fcd063ea1a195b96ca0.jpg"
  },
  {
    "id": "4",
    "name": "Macaron Cookies",
    "image": "https://i.pinimg.com/564x/3c/e7/e4/3ce7e4f3028a4ec5d9a62b52db1851fd.jpg"
  },
  {
    "id": "5",
    "name": "Strawberry Macaron Shells",
    "image": "https://i.pinimg.com/564x/f7/de/e0/f7dee00ab51977c219b28f8be9007d1c.jpg"
  },
  {
    "id": "6",
    "name": "Lemon Poppy Seed Macarons",
    "image": "https://i.pinimg.com/564x/fa/0b/64/fa0b64d6437544ffe7fe3b96bd30786b.jpg"
  },
  {
    "id": "7",
    "name": "Zesty Lime Macarons",
    "image": "https://i.pinimg.com/564x/99/50/bc/9950bcf4db2cd3046e44d34373549599.jpg"
  },
  {
    "id": "8",
    "name": "Earl Grey Cassis Macarons",
    "image": "https://i.pinimg.com/564x/e5/42/ab/e542abbd9dd5d2163c0df0745d98fe2c.jpg"
  },
  {
    "id": "9",
    "name": "Espresso Macarons with Espresso Buttercream Recipe ~ Barley & Sage",
    "image": "https://i.pinimg.com/564x/6e/17/62/6e1762f172f27e8f2fb78db14ef7d4c0.jpg"
  },
  {
    "id": "10",
    "name": "Passionfruit and White Chocolate Macarons",
    "image": "https://i.pinimg.com/564x/65/42/d1/6542d15ac5cc304fa1d792e3a4b18e5b.jpg"
  }
]